repo,build_tool,module_rel,class_path,fqcn,test_paths,fatjar_path
quarkusio/quarkus,maven,extensions/oidc/runtime,extensions/oidc/runtime/src/main/java/io/quarkus/oidc/OidcTenantConfig.java,io.quarkus.oidc.OidcTenantConfig,extensions/oidc/runtime/src/test/java/io/quarkus/oidc/runtime/OidcTenantConfigTest.java,FAIL
quarkusio/quarkus,maven,extensions/qute/deployment,extensions/qute/deployment/src/main/java/io/quarkus/qute/deployment/QuteProcessor.java,io.quarkus.qute.deployment.QuteProcessor,extensions/qute/deployment/src/test/java/io/quarkus/qute/deployment/QuteProcessorTest.java,/Users/amirdeljouyi/se/integration-tests-llm/dataset-builder/out/quarkusio_quarkus/extensions_qute_deployment/quarkus-qute-deployment-999-SNAPSHOT-jar-with-dependencies.jar
spring-projects/spring-boot,gradle,buildSrc,buildSrc/src/main/java/org/springframework/boot/build/bom/Library.java,org.springframework.boot.build.bom.Library,buildSrc/src/test/java/org/springframework/boot/build/bom/LibraryTests.java,/Users/amirdeljouyi/se/integration-tests-llm/dataset-builder/out/spring-projects_spring-boot/buildSrc/buildSrc.jar
spring-projects/spring-boot,gradle,buildSrc,buildSrc/src/main/java/org/springframework/boot/build/architecture/ArchitectureCheck.java,org.springframework.boot.build.architecture.ArchitectureCheck,buildSrc/src/test/java/org/springframework/boot/build/architecture/ArchitectureCheckTests.java,/Users/amirdeljouyi/se/integration-tests-llm/dataset-builder/out/spring-projects_spring-boot/buildSrc/buildSrc.jar
spring-projects/spring-framework,gradle,.,spring-web/src/main/java/org/springframework/http/HttpHeaders.java,org.springframework.http.HttpHeaders,spring-web/src/test/java/org/springframework/http/HttpHeadersTests.java,/Users/amirdeljouyi/se/integration-tests-llm/dataset-builder/out/spring-projects_spring-framework/spring-7.0.3-SNAPSHOT.jar
spring-projects/spring-framework,gradle,.,spring-beans/src/main/java/org/springframework/beans/factory/annotation/AutowiredAnnotationBeanPostProcessor.java,org.springframework.beans.factory.annotation.AutowiredAnnotationBeanPostProcessor,spring-beans/src/test/java/org/springframework/beans/factory/annotation/AutowiredAnnotationBeanPostProcessorTests.java,/Users/amirdeljouyi/se/integration-tests-llm/dataset-builder/out/spring-projects_spring-framework/spring-7.0.3-SNAPSHOT.jar
checkstyle/checkstyle,maven,.,src/main/java/com/puppycrawl/tools/checkstyle/checks/SuppressWarningsHolder.java,,src/test/java/com/puppycrawl/tools/checkstyle/checks/SuppressWarningsHolderTest.java,/Users/amirdeljouyi/se/integration-tests-llm/dataset-builder/out/checkstyle_checkstyle/checkstyle-13.0.1-SNAPSHOT.jar
checkstyle/checkstyle,maven,.,src/main/java/com/puppycrawl/tools/checkstyle/checks/blocks/RightCurlyCheck.java,,src/test/java/com/puppycrawl/tools/checkstyle/checks/blocks/RightCurlyCheckTest.java,/Users/amirdeljouyi/se/integration-tests-llm/dataset-builder/out/checkstyle_checkstyle/checkstyle-13.0.1-SNAPSHOT.jar
apache/shardingsphere,maven,mode/type/standalone/core,mode/type/standalone/core/src/main/java/org/apache/shardingsphere/mode/manager/standalone/persist/service/StandaloneMetaDataManagerPersistService.java,org.apache.shardingsphere.mode.manager.standalone.persist.service.StandaloneMetaDataManagerPersistService,mode/type/standalone/core/src/test/java/org/apache/shardingsphere/mode/manager/standalone/persist/service/StandaloneMetaDataManagerPersistServiceTest.java,/Users/amirdeljouyi/se/integration-tests-llm/dataset-builder/out/apache_shardingsphere/mode_type_standalone_core/shardingsphere-standalone-mode-core-5.5.3-SNAPSHOT-jar-with-dependencies.jar
apache/shardingsphere,maven,mode/core,mode/core/src/main/java/org/apache/shardingsphere/mode/manager/ContextManager.java,org.apache.shardingsphere.mode.manager.ContextManager,mode/core/src/test/java/org/apache/shardingsphere/mode/manager/ContextManagerTest.java,/Users/amirdeljouyi/se/integration-tests-llm/dataset-builder/out/apache_shardingsphere/mode_core/shardingsphere-mode-core-5.5.3-SNAPSHOT-jar-with-dependencies.jar
keycloak/keycloak,maven,common,common/src/main/java/org/keycloak/common/Profile.java,org.keycloak.common.Profile,common/src/test/java/org/keycloak/common/ProfileTest.java,/Users/amirdeljouyi/se/integration-tests-llm/dataset-builder/out/keycloak_keycloak/common/keycloak-common-999.0.0-SNAPSHOT-jar-with-dependencies.jar
keycloak/keycloak,maven,quarkus/runtime,quarkus/runtime/src/main/java/org/keycloak/quarkus/runtime/cli/Picocli.java,org.keycloak.quarkus.runtime.cli.Picocli,quarkus/runtime/src/test/java/org/keycloak/quarkus/runtime/cli/PicocliTest.java,FAIL
dropwizard/dropwizard,maven,dropwizard-jersey,dropwizard-jersey/src/main/java/io/dropwizard/jersey/DropwizardResourceConfig.java,io.dropwizard.jersey.DropwizardResourceConfig,dropwizard-jersey/src/test/java/io/dropwizard/jersey/DropwizardResourceConfigTest.java,/Users/amirdeljouyi/se/integration-tests-llm/dataset-builder/out/dropwizard_dropwizard/dropwizard-jersey/dropwizard-jersey-5.0.1-SNAPSHOT-jar-with-dependencies.jar
dropwizard/dropwizard,maven,dropwizard-client,dropwizard-client/src/main/java/io/dropwizard/client/HttpClientBuilder.java,io.dropwizard.client.HttpClientBuilder,dropwizard-client/src/test/java/io/dropwizard/client/HttpClientBuilderTest.java,/Users/amirdeljouyi/se/integration-tests-llm/dataset-builder/out/dropwizard_dropwizard/dropwizard-client/dropwizard-client-5.0.1-SNAPSHOT-jar-with-dependencies.jar
seleniumhq/selenium,SKIP-REPO,,java/src/org/openqa/selenium/grid/node/local/LocalNode.java,,java/test/org/openqa/selenium/grid/node/local/LocalNodeTest.java,SKIP-REPO
seleniumhq/selenium,SKIP-REPO,,java/src/org/openqa/selenium/grid/distributor/local/LocalDistributor.java,,java/test/org/openqa/selenium/grid/distributor/local/LocalDistributorTest.java,SKIP-REPO
apache/dubbo,maven,dubbo-config/dubbo-config-api,dubbo-config/dubbo-config-api/src/main/java/org/apache/dubbo/config/ServiceConfig.java,org.apache.dubbo.config.ServiceConfig,dubbo-config/dubbo-config-api/src/test/java/org/apache/dubbo/config/ServiceConfigTest.java,/Users/amirdeljouyi/se/integration-tests-llm/dataset-builder/out/apache_dubbo/dubbo-config_dubbo-config-api/dubbo-config-api-3.3.7-SNAPSHOT-jar-with-dependencies.jar
apache/dubbo,maven,dubbo-registry/dubbo-registry-api,dubbo-registry/dubbo-registry-api/src/main/java/org/apache/dubbo/registry/client/ServiceDiscoveryRegistry.java,org.apache.dubbo.registry.client.ServiceDiscoveryRegistry,dubbo-registry/dubbo-registry-api/src/test/java/org/apache/dubbo/registry/client/ServiceDiscoveryRegistryTest.java,/Users/amirdeljouyi/se/integration-tests-llm/dataset-builder/out/apache_dubbo/dubbo-registry_dubbo-registry-api/dubbo-registry-api-3.3.7-SNAPSHOT-jar-with-dependencies.jar
apache/pulsar,maven,pulsar-client,pulsar-client/src/main/java/org/apache/pulsar/client/impl/PulsarClientImpl.java,org.apache.pulsar.client.impl.PulsarClientImpl,pulsar-client/src/test/java/org/apache/pulsar/client/impl/PulsarClientImplTest.java,/Users/amirdeljouyi/se/integration-tests-llm/dataset-builder/out/apache_pulsar/pulsar-client/pulsar-client-original.jar
apache/pulsar,maven,pulsar-client,pulsar-client/src/main/java/org/apache/pulsar/client/impl/MultiTopicsConsumerImpl.java,org.apache.pulsar.client.impl.MultiTopicsConsumerImpl,pulsar-client/src/test/java/org/apache/pulsar/client/impl/MultiTopicsConsumerImplTest.java,/Users/amirdeljouyi/se/integration-tests-llm/dataset-builder/out/apache_pulsar/pulsar-client/pulsar-client-original.jar
hibernate/hibernate-orm,SKIP-REPO,,hibernate-core/src/main/java/org/hibernate/mapping/Component.java,org.hibernate.mapping.Component,hibernate-core/src/test/java/org/hibernate/orm/test/component/basic/ComponentTest.java,SKIP-REPO
hibernate/hibernate-orm,SKIP-REPO,,hibernate-core/src/main/java/org/hibernate/engine/spi/SessionDelegatorBaseImpl.java,org.hibernate.engine.spi.SessionDelegatorBaseImpl,hibernate-core/src/test/java/org/hibernate/orm/test/delegation/SessionDelegatorBaseImplTest.java,SKIP-REPO
hazelcast/hazelcast,maven,hazelcast,hazelcast/src/main/java/com/hazelcast/config/CacheConfig.java,com.hazelcast.config.CacheConfig,hazelcast/src/test/java/com/hazelcast/config/CacheConfigTest.java,/Users/amirdeljouyi/se/integration-tests-llm/dataset-builder/out/hazelcast_hazelcast/hazelcast/hazelcast-5.7.0-SNAPSHOT-jar-with-dependencies.jar
hazelcast/hazelcast,maven,hazelcast,hazelcast/src/main/java/com/hazelcast/config/ConfigXmlGenerator.java,com.hazelcast.config.ConfigXmlGenerator,hazelcast/src/test/java/com/hazelcast/config/ConfigXmlGeneratorTest.java,/Users/amirdeljouyi/se/integration-tests-llm/dataset-builder/out/hazelcast_hazelcast/hazelcast/hazelcast-5.7.0-SNAPSHOT-jar-with-dependencies.jar
openjdk/jdk,SKIP-REPO,,src/java.base/share/classes/java/lang/Class.java,,test/hotspot/jtreg/compiler/lib/ir_framework/driver/irmatching/TestClass.java;test/hotspot/jtreg/runtime/linkResolver/TestClass.java;test/jdk/com/sun/jdi/TestClass.java;test/jdk/java/beans/XMLDecoder/spec/TestClass.java,SKIP-REPO
openjdk/jdk,SKIP-REPO,,src/jdk.compiler/share/classes/com/sun/tools/javac/comp/Attr.java,,test/jaxp/javax/xml/jaxp/functional/org/w3c/dom/ptests/AttrTest.java,SKIP-REPO
elastic/elasticsearch,gradle,server,server/src/main/java/org/elasticsearch/ingest/IngestService.java,org.elasticsearch.ingest.IngestService,server/src/test/java/org/elasticsearch/ingest/IngestServiceTests.java,FAIL
elastic/elasticsearch,gradle,server,server/src/main/java/org/elasticsearch/cluster/routing/allocation/allocator/BalancedShardsAllocator.java,org.elasticsearch.cluster.routing.allocation.allocator.BalancedShardsAllocator,server/src/test/java/org/elasticsearch/cluster/routing/allocation/allocator/BalancedShardsAllocatorTests.java,FAIL
openapitools/openapi-generator,maven,modules/openapi-generator,modules/openapi-generator/src/main/java/org/openapitools/codegen/languages/JavaClientCodegen.java,org.openapitools.codegen.languages.JavaClientCodegen,modules/openapi-generator/src/test/java/org/openapitools/codegen/java/JavaClientCodegenTest.java,/Users/amirdeljouyi/se/integration-tests-llm/dataset-builder/out/openapitools_openapi-generator/modules_openapi-generator/openapi-generator-7.19.0-SNAPSHOT-jar-with-dependencies.jar
openapitools/openapi-generator,maven,modules/openapi-generator,modules/openapi-generator/src/main/java/org/openapitools/codegen/DefaultCodegen.java,org.openapitools.codegen.DefaultCodegen,modules/openapi-generator/src/test/java/org/openapitools/codegen/DefaultCodegenTest.java,/Users/amirdeljouyi/se/integration-tests-llm/dataset-builder/out/openapitools_openapi-generator/modules_openapi-generator/openapi-generator-7.19.0-SNAPSHOT-jar-with-dependencies.jar
spring-projects/spring-security,gradle,.,config/src/main/java/org/springframework/security/config/annotation/web/configurers/oauth2/client/OAuth2LoginConfigurer.java,org.springframework.security.config.annotation.web.configurers.oauth2.client.OAuth2LoginConfigurer,config/src/test/java/org/springframework/security/config/annotation/web/configurers/oauth2/client/OAuth2LoginConfigurerTests.java,/Users/amirdeljouyi/se/integration-tests-llm/dataset-builder/out/spring-projects_spring-security/spring-security-7.0.3-SNAPSHOT.jar
spring-projects/spring-security,gradle,.,config/src/main/java/org/springframework/security/config/web/server/ServerHttpSecurity.java,org.springframework.security.config.web.server.ServerHttpSecurity,config/src/test/java/org/springframework/security/config/web/server/ServerHttpSecurityTests.java,/Users/amirdeljouyi/se/integration-tests-llm/dataset-builder/out/spring-projects_spring-security/spring-security-7.0.3-SNAPSHOT.jar
micronaut-projects/micronaut-core,gradle,inject,inject/src/main/java/io/micronaut/context/DefaultBeanContext.java,io.micronaut.context.DefaultBeanContext,test-suite/src/test/java/io/micronaut/context/DefaultBeanContextTest.java,/Users/amirdeljouyi/se/integration-tests-llm/dataset-builder/out/micronaut-projects_micronaut-core/inject/micronaut-inject-5.0.0-SNAPSHOT.jar
micronaut-projects/micronaut-core,gradle,inject,inject/src/main/java/io/micronaut/context/DefaultApplicationContext.java,io.micronaut.context.DefaultApplicationContext,inject/src/test/java/io/micronaut/context/DefaultApplicationContextTest.java,/Users/amirdeljouyi/se/integration-tests-llm/dataset-builder/out/micronaut-projects_micronaut-core/inject/micronaut-inject-5.0.0-SNAPSHOT.jar
alibaba/nacos,maven,client,client/src/main/java/com/alibaba/nacos/client/config/impl/ClientWorker.java,com.alibaba.nacos.client.config.impl.ClientWorker,client/src/test/java/com/alibaba/nacos/client/config/impl/ClientWorkerTest.java,/Users/amirdeljouyi/se/integration-tests-llm/dataset-builder/out/alibaba_nacos/client/nacos-client-3.2.0-SNAPSHOT-jar-with-dependencies.jar
alibaba/nacos,maven,config,config/src/main/java/com/alibaba/nacos/config/server/controller/ConfigController.java,com.alibaba.nacos.config.server.controller.ConfigController,config/src/test/java/com/alibaba/nacos/config/server/controller/ConfigControllerTest.java,/Users/amirdeljouyi/se/integration-tests-llm/dataset-builder/out/alibaba_nacos/config/nacos-config-3.2.0-SNAPSHOT.jar
thealgorithms/java,maven,.,src/main/java/com/thealgorithms/datastructures/lists/SinglyLinkedList.java,,src/test/java/com/thealgorithms/datastructures/lists/SinglyLinkedListTest.java,/Users/amirdeljouyi/se/integration-tests-llm/dataset-builder/out/thealgorithms_java/Java-1.0-SNAPSHOT.jar
thealgorithms/java,maven,.,src/main/java/com/thealgorithms/strings/Anagrams.java,,src/test/java/com/thealgorithms/strings/AnagramsTest.java,/Users/amirdeljouyi/se/integration-tests-llm/dataset-builder/out/thealgorithms_java/Java-1.0-SNAPSHOT.jar
apache/druid,maven,indexing-service,indexing-service/src/main/java/org/apache/druid/indexing/common/task/IndexTask.java,org.apache.druid.indexing.common.task.IndexTask,embedded-tests/src/test/java/org/apache/druid/testing/embedded/indexing/IndexTaskTest.java;indexing-service/src/test/java/org/apache/druid/indexing/common/TestIndexTask.java;indexing-service/src/test/java/org/apache/druid/indexing/common/task/IndexTaskTest.java,/Users/amirdeljouyi/se/integration-tests-llm/dataset-builder/out/apache_druid/indexing-service/druid-indexing-service-36.0.0-SNAPSHOT-jar-with-dependencies.jar
apache/druid,maven,indexing-service,indexing-service/src/main/java/org/apache/druid/indexing/common/task/batch/parallel/ParallelIndexSupervisorTask.java,org.apache.druid.indexing.common.task.batch.parallel.ParallelIndexSupervisorTask,indexing-service/src/test/java/org/apache/druid/indexing/common/task/batch/parallel/ParallelIndexSupervisorTaskTest.java,/Users/amirdeljouyi/se/integration-tests-llm/dataset-builder/out/apache_druid/indexing-service/druid-indexing-service-36.0.0-SNAPSHOT-jar-with-dependencies.jar
testcontainers/testcontainers-java,gradle,core,core/src/main/java/org/testcontainers/containers/DockerComposeContainer.java,org.testcontainers.containers.DockerComposeContainer,core/src/test/java/org/testcontainers/junit/DockerComposeContainerTest.java;modules/junit-jupiter/src/test/java/org/testcontainers/junit/jupiter/DockerComposeContainerTests.java,/Users/amirdeljouyi/se/integration-tests-llm/dataset-builder/out/testcontainers_testcontainers-java/core/testcontainers-original.jar
testcontainers/testcontainers-java,gradle,core,core/src/main/java/org/testcontainers/containers/GenericContainer.java,org.testcontainers.containers.GenericContainer,core/src/test/java/org/testcontainers/containers/GenericContainerTest.java,/Users/amirdeljouyi/se/integration-tests-llm/dataset-builder/out/testcontainers_testcontainers-java/core/testcontainers-original.jar
apache/beam,gradle,sdks/java/io/google-cloud-platform,sdks/java/io/google-cloud-platform/src/main/java/org/apache/beam/sdk/io/gcp/bigquery/BigQueryIO.java,org.apache.beam.sdk.io.gcp.bigquery.BigQueryIO,sdks/java/io/bigquery-io-perf-tests/src/test/java/org/apache/beam/sdk/bigqueryioperftests/BigQueryIOIT.java,/Users/amirdeljouyi/se/integration-tests-llm/dataset-builder/out/apache_beam/sdks_java_io_google-cloud-platform/beam-sdks-java-io-google-cloud-platform-2.71.0-SNAPSHOT.jar
apache/beam,gradle,runners/google-cloud-dataflow-java,runners/google-cloud-dataflow-java/src/main/java/org/apache/beam/runners/dataflow/DataflowRunner.java,org.apache.beam.runners.dataflow.DataflowRunner,runners/google-cloud-dataflow-java/src/test/java/org/apache/beam/runners/dataflow/DataflowRunnerTest.java,/Users/amirdeljouyi/se/integration-tests-llm/dataset-builder/out/apache_beam/runners_google-cloud-dataflow-java/beam-runners-google-cloud-dataflow-java-2.71.0-SNAPSHOT.jar
apereo/cas,gradle,core/cas-server-core,core/cas-server-core/src/main/java/org/apereo/cas/DefaultCentralAuthenticationService.java,org.apereo.cas.DefaultCentralAuthenticationService,core/cas-server-core/src/test/java/org/apereo/cas/DefaultCentralAuthenticationServiceTests.java,/Users/amirdeljouyi/se/integration-tests-llm/dataset-builder/out/apereo_cas/core_cas-server-core/cas-server-core-8.0.0-SNAPSHOT.jar
apereo/cas,gradle,support/cas-server-support-oidc-core-api,support/cas-server-support-oidc-core-api/src/main/java/org/apereo/cas/oidc/token/OidcIdTokenGeneratorService.java,org.apereo.cas.oidc.token.OidcIdTokenGeneratorService,support/cas-server-support-oidc/src/test/java/org/apereo/cas/oidc/token/OidcIdTokenGeneratorServiceTests.java,/Users/amirdeljouyi/se/integration-tests-llm/dataset-builder/out/apereo_cas/support_cas-server-support-oidc-core-api/cas-server-8.0.0-SNAPSHOT.jar
robolectric/robolectric,gradle,robolectric,robolectric/src/main/java/org/robolectric/Robolectric.java,org.robolectric.Robolectric,robolectric/src/test/java/org/robolectric/RobolectricTest.java,FAIL
robolectric/robolectric,gradle,shadows/framework,shadows/framework/src/main/java/org/robolectric/shadows/ShadowTelephonyManager.java,org.robolectric.shadows.ShadowTelephonyManager,robolectric/src/test/java/org/robolectric/shadows/ShadowTelephonyManagerTest.java,FAIL
linkedin/datahub,gradle,metadata-io,metadata-io/src/main/java/com/linkedin/metadata/search/elasticsearch/query/request/SearchRequestHandler.java,com.linkedin.metadata.search.elasticsearch.query.request.SearchRequestHandler,metadata-io/src/test/java/com/linkedin/metadata/search/query/request/SearchRequestHandlerTest.java,/Users/amirdeljouyi/se/integration-tests-llm/dataset-builder/out/linkedin_datahub/metadata-io/metadata-io.jar
linkedin/datahub,gradle,metadata-io,metadata-io/src/main/java/com/linkedin/metadata/entity/EntityServiceImpl.java,com.linkedin.metadata.entity.EntityServiceImpl,metadata-io/src/test/java/com/linkedin/metadata/entity/EntityServiceImplTest.java,/Users/amirdeljouyi/se/integration-tests-llm/dataset-builder/out/linkedin_datahub/metadata-io/metadata-io.jar
apache/flink,maven,flink-runtime,flink-runtime/src/main/java/org/apache/flink/runtime/checkpoint/CheckpointCoordinator.java,org.apache.flink.runtime.checkpoint.CheckpointCoordinator,flink-runtime/src/test/java/org/apache/flink/runtime/checkpoint/CheckpointCoordinatorTest.java,/Users/amirdeljouyi/se/integration-tests-llm/dataset-builder/out/apache_flink/flink-runtime/flink-runtime-2.3-SNAPSHOT-jar-with-dependencies.jar
apache/flink,maven,flink-runtime,flink-runtime/src/main/java/org/apache/flink/runtime/scheduler/adaptive/AdaptiveScheduler.java,org.apache.flink.runtime.scheduler.adaptive.AdaptiveScheduler,flink-runtime/src/test/java/org/apache/flink/runtime/scheduler/adaptive/AdaptiveSchedulerTest.java,/Users/amirdeljouyi/se/integration-tests-llm/dataset-builder/out/apache_flink/flink-runtime/flink-runtime-2.3-SNAPSHOT-jar-with-dependencies.jar
apache/incubator-doris,maven,fe/fe-core,fe/fe-core/src/main/java/org/apache/doris/nereids/glue/translator/PhysicalPlanTranslator.java,org.apache.doris.nereids.glue.translator.PhysicalPlanTranslator,fe/fe-core/src/test/java/org/apache/doris/nereids/glue/translator/PhysicalPlanTranslatorTest.java,FAIL
apache/incubator-doris,maven,fe/fe-core,fe/fe-core/src/main/java/org/apache/doris/datasource/ExternalCatalog.java,org.apache.doris.datasource.ExternalCatalog,fe/fe-core/src/main/java/org/apache/doris/datasource/test/TestExternalCatalog.java;fe/fe-core/src/test/java/org/apache/doris/datasource/ExternalCatalogTest.java,FAIL
apache/kafka,gradle,.,clients/src/main/java/org/apache/kafka/clients/consumer/internals/AsyncKafkaConsumer.java,org.apache.kafka.clients.consumer.internals.AsyncKafkaConsumer,clients/src/test/java/org/apache/kafka/clients/consumer/internals/AsyncKafkaConsumerTest.java,/Users/amirdeljouyi/se/integration-tests-llm/dataset-builder/out/apache_kafka/kafka-4.3.0-SNAPSHOT.jar
apache/kafka,gradle,.,clients/src/main/java/org/apache/kafka/clients/consumer/internals/SubscriptionState.java,org.apache.kafka.clients.consumer.internals.SubscriptionState,clients/src/test/java/org/apache/kafka/clients/consumer/internals/SubscriptionStateTest.java,/Users/amirdeljouyi/se/integration-tests-llm/dataset-builder/out/apache_kafka/kafka-4.3.0-SNAPSHOT.jar
apache/camel,maven,components/camel-salesforce/camel-salesforce-component,components/camel-salesforce/camel-salesforce-component/src/main/java/org/apache/camel/component/salesforce/SalesforceComponent.java,org.apache.camel.component.salesforce.SalesforceComponent,components/camel-salesforce/camel-salesforce-component/src/test/java/org/apache/camel/component/salesforce/SalesforceComponentTest.java,/Users/amirdeljouyi/se/integration-tests-llm/dataset-builder/out/apache_camel/components_camel-salesforce_camel-salesforce-component/camel-salesforce-4.17.0-SNAPSHOT-jar-with-dependencies.jar
apache/camel,maven,components/camel-kafka,components/camel-kafka/src/main/java/org/apache/camel/component/kafka/KafkaConsumer.java,org.apache.camel.component.kafka.KafkaConsumer,components/camel-kafka/src/test/java/org/apache/camel/component/kafka/KafkaConsumerTest.java;components/camel-kafka/src/test/java/org/apache/kafka/clients/consumer/KafkaConsumerTest.java,/Users/amirdeljouyi/se/integration-tests-llm/dataset-builder/out/apache_camel/components_camel-kafka/camel-kafka-4.17.0-SNAPSHOT-jar-with-dependencies.jar
mybatis/mybatis-3,maven,.,src/main/java/org/apache/ibatis/executor/resultset/DefaultResultSetHandler.java,,src/test/java/org/apache/ibatis/executor/resultset/DefaultResultSetHandlerTest.java,/Users/amirdeljouyi/se/integration-tests-llm/dataset-builder/out/mybatis_mybatis-3/mybatis-3.6.0-SNAPSHOT-jar-with-dependencies.jar
mybatis/mybatis-3,maven,.,src/main/java/org/apache/ibatis/session/Configuration.java,,src/test/java/org/apache/ibatis/submitted/global_variables_defaults/ConfigurationTest.java,/Users/amirdeljouyi/se/integration-tests-llm/dataset-builder/out/mybatis_mybatis-3/mybatis-3.6.0-SNAPSHOT-jar-with-dependencies.jar
opensearch-project/opensearch,gradle,server,server/src/main/java/org/opensearch/node/Node.java,org.opensearch.node.Node,client/rest/src/test/java/org/opensearch/client/NodeTests.java;server/src/test/java/org/opensearch/node/NodeTests.java,FAIL
opensearch-project/opensearch,gradle,server,server/src/main/java/org/opensearch/index/shard/IndexShard.java,org.opensearch.index.shard.IndexShard,server/src/test/java/org/opensearch/index/shard/IndexShardTests.java,FAIL
trinodb/trino,maven,plugin/trino-hive,plugin/trino-hive/src/main/java/io/trino/plugin/hive/metastore/file/FileHiveMetastore.java,io.trino.plugin.hive.metastore.file.FileHiveMetastore,plugin/trino-hive/src/test/java/io/trino/plugin/hive/metastore/file/TestFileHiveMetastore.java,FAIL
trinodb/trino,maven,plugin/trino-sqlserver,plugin/trino-sqlserver/src/main/java/io/trino/plugin/sqlserver/SqlServerClient.java,io.trino.plugin.sqlserver.SqlServerClient,plugin/trino-sqlserver/src/test/java/io/trino/plugin/sqlserver/TestSqlServerClient.java,FAIL
prestodb/presto,maven,presto-hive,presto-hive/src/main/java/com/facebook/presto/hive/HiveMetadata.java,com.facebook.presto.hive.HiveMetadata,presto-hive/src/test/java/com/facebook/presto/hive/TestHiveMetadata.java,/Users/amirdeljouyi/se/integration-tests-llm/dataset-builder/out/prestodb_presto/presto-hive/presto-hive-0.297-SNAPSHOT-jar-with-dependencies.jar
prestodb/presto,maven,presto-parser,presto-parser/src/main/java/com/facebook/presto/sql/SqlFormatter.java,com.facebook.presto.sql.SqlFormatter,presto-main-base/src/test/java/com/facebook/presto/sql/TestSqlFormatter.java,/Users/amirdeljouyi/se/integration-tests-llm/dataset-builder/out/prestodb_presto/presto-parser/presto-parser-0.297-SNAPSHOT-jar-with-dependencies.jar
apache/iceberg,gradle,.,core/src/main/java/org/apache/iceberg/TableMetadata.java,org.apache.iceberg.TableMetadata,core/src/test/java/org/apache/iceberg/TestTableMetadata.java,FAIL
apache/iceberg,gradle,.,core/src/main/java/org/apache/iceberg/TableProperties.java,org.apache.iceberg.TableProperties,orc/src/test/java/org/apache/iceberg/orc/TestTableProperties.java,FAIL
wildfly/wildfly,maven,connector,connector/src/main/java/org/jboss/as/connector/subsystems/datasources/Constants.java,org.jboss.as.connector.subsystems.datasources.Constants,testsuite/shared/src/main/java/org/wildfly/test/undertow/common/TestConstants.java,/Users/amirdeljouyi/se/integration-tests-llm/dataset-builder/out/wildfly_wildfly/connector/wildfly-connector-39.0.0.Final-SNAPSHOT-jar-with-dependencies.jar
wildfly/wildfly,maven,ee,ee/src/main/java/org/jboss/as/ee/component/interceptors/InterceptorOrder.java,org.jboss.as.ee.component.interceptors.InterceptorOrder,testsuite/integration/basic/src/test/java/org/jboss/as/test/integration/weld/ejb/interceptor/interceptorsorderwithexclusions/InterceptorOrderTest.java,/Users/amirdeljouyi/se/integration-tests-llm/dataset-builder/out/wildfly_wildfly/ee/wildfly-ee-39.0.0.Final-SNAPSHOT-jar-with-dependencies.jar
grpc/grpc-java,gradle,netty,netty/src/main/java/io/grpc/netty/NettyChannelBuilder.java,io.grpc.netty.NettyChannelBuilder,netty/src/test/java/io/grpc/netty/NettyChannelBuilderTest.java,FAIL
grpc/grpc-java,gradle,core,core/src/main/java/io/grpc/internal/GrpcUtil.java,io.grpc.internal.GrpcUtil,core/src/test/java/io/grpc/internal/GrpcUtilTest.java,FAIL
google/guava,maven,guava,guava/src/com/google/common/collect/ImmutableList.java,,android/guava-tests/test/com/google/common/collect/ImmutableListTest.java;guava-tests/test/com/google/common/collect/ImmutableListTest.java,/Users/amirdeljouyi/se/integration-tests-llm/dataset-builder/out/google_guava/guava/guava-999.0.0-HEAD-jre-SNAPSHOT-jar-with-dependencies.jar
google/guava,maven,guava,guava/src/com/google/common/collect/ImmutableMap.java,,android/guava-tests/test/com/google/common/collect/ImmutableMapTest.java;guava-tests/test/com/google/common/collect/ImmutableMapTest.java,/Users/amirdeljouyi/se/integration-tests-llm/dataset-builder/out/google_guava/guava/guava-999.0.0-HEAD-jre-SNAPSHOT-jar-with-dependencies.jar
reactivex/rxjava,gradle,.,src/main/java/io/reactivex/rxjava3/core/Flowable.java,,src/test/java/io/reactivex/rxjava3/flowable/FlowableTests.java,/Users/amirdeljouyi/se/integration-tests-llm/dataset-builder/out/reactivex_rxjava/rxjava-3.0.0-SNAPSHOT.jar
reactivex/rxjava,gradle,.,src/main/java/io/reactivex/rxjava3/core/Observable.java,,src/test/java/io/reactivex/rxjava3/observable/ObservableTest.java,/Users/amirdeljouyi/se/integration-tests-llm/dataset-builder/out/reactivex_rxjava/rxjava-3.0.0-SNAPSHOT.jar
apache/maven,maven,impl/maven-impl,impl/maven-impl/src/main/java/org/apache/maven/impl/model/DefaultModelBuilder.java,org.apache.maven.impl.model.DefaultModelBuilder,compat/maven-model-builder/src/test/java/org/apache/maven/model/building/DefaultModelBuilderTest.java;impl/maven-impl/src/test/java/org/apache/maven/impl/model/DefaultModelBuilderTest.java,/Users/amirdeljouyi/se/integration-tests-llm/dataset-builder/out/apache_maven/impl_maven-impl/maven-impl-4.1.0-SNAPSHOT-jar-with-dependencies.jar
apache/maven,maven,impl/maven-core,impl/maven-core/src/main/java/org/apache/maven/project/DefaultProjectBuilder.java,org.apache.maven.project.DefaultProjectBuilder,impl/maven-core/src/test/java/org/apache/maven/project/DefaultProjectBuilderTest.java,/Users/amirdeljouyi/se/integration-tests-llm/dataset-builder/out/apache_maven/impl_maven-core/maven-core-4.1.0-SNAPSHOT.jar
redis/jedis,maven,.,src/main/java/redis/clients/jedis/Jedis.java,,src/test/java/redis/clients/jedis/JedisTest.java,FAIL
redis/jedis,maven,.,src/main/java/redis/clients/jedis/Protocol.java,,src/test/java/redis/clients/jedis/ProtocolTest.java,FAIL
activiti/activiti,maven,activiti-core/activiti-api-impl/activiti-api-process-runtime-impl,activiti-core/activiti-api-impl/activiti-api-process-runtime-impl/src/main/java/org/activiti/runtime/api/impl/ProcessRuntimeImpl.java,org.activiti.runtime.api.impl.ProcessRuntimeImpl,activiti-core/activiti-api-impl/activiti-api-process-runtime-impl/src/test/java/org/activiti/runtime/api/impl/ProcessRuntimeImplTest.java,/Users/amirdeljouyi/se/integration-tests-llm/dataset-builder/out/activiti_activiti/activiti-core_activiti-api-impl_activiti-api-process-runtime-impl/activiti-api-process-runtime-impl-8.8.0-SNAPSHOT-jar-with-dependencies.jar
activiti/activiti,maven,activiti-core/activiti-spring-boot-starter,activiti-core/activiti-spring-boot-starter/src/main/java/org/activiti/spring/boot/ProcessEngineAutoConfiguration.java,org.activiti.spring.boot.ProcessEngineAutoConfiguration,activiti-core/activiti-spring-boot-starter/src/test/java/org/activiti/spring/boot/ProcessEngineAutoConfigurationTest.java,/Users/amirdeljouyi/se/integration-tests-llm/dataset-builder/out/activiti_activiti/activiti-core_activiti-spring-boot-starter/activiti-spring-boot-starter-8.8.0-SNAPSHOT-jar-with-dependencies.jar
apache/rocketmq,maven,client,client/src/main/java/org/apache/rocketmq/client/impl/producer/DefaultMQProducerImpl.java,org.apache.rocketmq.client.impl.producer.DefaultMQProducerImpl,client/src/test/java/org/apache/rocketmq/client/producer/selector/DefaultMQProducerImplTest.java,FAIL
apache/rocketmq,maven,store,store/src/main/java/org/apache/rocketmq/store/DefaultMessageStore.java,org.apache.rocketmq.store.DefaultMessageStore,store/src/test/java/org/apache/rocketmq/store/DefaultMessageStoreTest.java,FAIL
codecentric/spring-boot-admin,maven,spring-boot-admin-server-ui,spring-boot-admin-server-ui/src/main/java/de/codecentric/boot/admin/server/ui/config/AdminServerUiAutoConfiguration.java,de.codecentric.boot.admin.server.ui.config.AdminServerUiAutoConfiguration,spring-boot-admin-server-ui/src/test/java/de/codecentric/boot/admin/server/ui/config/AdminServerUiAutoConfigurationTest.java,/Users/amirdeljouyi/se/integration-tests-llm/dataset-builder/out/codecentric_spring-boot-admin/spring-boot-admin-server-ui/spring-boot-admin-server-ui-3.5.7-SNAPSHOT-jar-with-dependencies.jar
codecentric/spring-boot-admin,maven,spring-boot-admin-server-ui,spring-boot-admin-server-ui/src/main/java/de/codecentric/boot/admin/server/ui/web/UiController.java,de.codecentric.boot.admin.server.ui.web.UiController,spring-boot-admin-server-ui/src/test/java/de/codecentric/boot/admin/server/ui/web/UiControllerTest.java,/Users/amirdeljouyi/se/integration-tests-llm/dataset-builder/out/codecentric_spring-boot-admin/spring-boot-admin-server-ui/spring-boot-admin-server-ui-3.5.7-SNAPSHOT-jar-with-dependencies.jar
javaparser/javaparser,maven,javaparser-core,javaparser-core/src/main/java/com/github/javaparser/ast/visitor/CloneVisitor.java,com.github.javaparser.ast.visitor.CloneVisitor,javaparser-core-testing/src/test/java/com/github/javaparser/ast/visitor/CloneVisitorTest.java,/Users/amirdeljouyi/se/integration-tests-llm/dataset-builder/out/javaparser_javaparser/javaparser-core/javaparser-core-3.27.2-SNAPSHOT-jar-with-dependencies.jar
javaparser/javaparser,maven,javaparser-core,javaparser-core/src/main/java/com/github/javaparser/ast/visitor/GenericVisitorAdapter.java,com.github.javaparser.ast.visitor.GenericVisitorAdapter,javaparser-core-testing/src/test/java/com/github/javaparser/ast/visitor/GenericVisitorAdapterTest.java,/Users/amirdeljouyi/se/integration-tests-llm/dataset-builder/out/javaparser_javaparser/javaparser-core/javaparser-core-3.27.2-SNAPSHOT-jar-with-dependencies.jar
netty/netty,maven,common,common/src/main/java/io/netty/util/internal/PlatformDependent.java,io.netty.util.internal.PlatformDependent,common/src/test/java/io/netty/util/internal/PlatformDependentTest.java,/Users/amirdeljouyi/se/integration-tests-llm/dataset-builder/out/netty_netty/common/netty-common-4.2.10.Final-SNAPSHOT.jar
netty/netty,maven,resolver-dns,resolver-dns/src/main/java/io/netty/resolver/dns/DnsNameResolver.java,io.netty.resolver.dns.DnsNameResolver,resolver-dns/src/test/java/io/netty/resolver/dns/DnsNameResolverTest.java,/Users/amirdeljouyi/se/integration-tests-llm/dataset-builder/out/netty_netty/resolver-dns/netty-resolver-dns-4.2.10.Final-SNAPSHOT.jar
jenkinsci/jenkins,maven,core,core/src/main/java/hudson/model/DirectoryBrowserSupport.java,hudson.model.DirectoryBrowserSupport,test/src/test/java/hudson/model/DirectoryBrowserSupportTest.java,/Users/amirdeljouyi/se/integration-tests-llm/dataset-builder/out/jenkinsci_jenkins/core/jenkins-core-2.545-SNAPSHOT-jar-with-dependencies.jar
jenkinsci/jenkins,maven,core,core/src/main/java/hudson/model/Job.java,hudson.model.Job,core/src/test/java/hudson/model/JobTest.java;test/src/test/java/hudson/model/JobTest.java,/Users/amirdeljouyi/se/integration-tests-llm/dataset-builder/out/jenkinsci_jenkins/core/jenkins-core-2.545-SNAPSHOT-jar-with-dependencies.jar
junit-team/junit5,gradle,.,junit-platform-commons/src/main/java/org/junit/platform/commons/util/ReflectionUtils.java,org.junit.platform.commons.util.ReflectionUtils,platform-tests/src/test/java/org/junit/platform/commons/util/ReflectionUtilsTests.java,FAIL
junit-team/junit5,gradle,.,junit-platform-engine/src/main/java/org/junit/platform/engine/discovery/DiscoverySelectors.java,org.junit.platform.engine.discovery.DiscoverySelectors,platform-tests/src/test/java/org/junit/platform/engine/discovery/DiscoverySelectorsTests.java,FAIL
bazelbuild/bazel,SKIP-REPO,,src/main/java/com/google/devtools/build/lib/actions/ActionCacheChecker.java,,src/test/java/com/google/devtools/build/lib/actions/ActionCacheCheckerTest.java,SKIP-REPO
bazelbuild/bazel,SKIP-REPO,,src/main/java/com/google/devtools/build/lib/remote/options/RemoteOptions.java,,src/test/java/com/google/devtools/build/lib/remote/options/RemoteOptionsTest.java,SKIP-REPO
openrefine/openrefine,maven,server,server/src/com/google/refine/Refine.java,,modules/core/src/test/java/com/google/refine/RefineTest.java,/Users/amirdeljouyi/se/integration-tests-llm/dataset-builder/out/openrefine_openrefine/server/openrefine-3.10-SNAPSHOT-server-jar-with-dependencies.jar
openrefine/openrefine,maven,main,main/src/com/google/refine/importers/SeparatorBasedImporter.java,,main/tests/server/src/com/google/refine/importers/SeparatorBasedImporterTests.java,/Users/amirdeljouyi/se/integration-tests-llm/dataset-builder/out/openrefine_openrefine/main/openrefine-main-jar-with-dependencies.jar
seata/seata,maven,config/seata-config-core,config/seata-config-core/src/main/java/io/seata/config/FileConfiguration.java,io.seata.config.FileConfiguration,config/seata-config-core/src/test/java/org/apache/seata/config/FileConfigurationTest.java,/Users/amirdeljouyi/se/integration-tests-llm/dataset-builder/out/seata_seata/config_seata-config-core/seata-config-core-2.6.0-SNAPSHOT-jar-with-dependencies.jar
seata/seata,maven,namingserver,namingserver/src/main/java/org/apache/seata/namingserver/manager/NamingManager.java,org.apache.seata.namingserver.manager.NamingManager,namingserver/src/test/java/org/apache/seata/namingserver/NamingManagerTest.java,FAIL
metersphere/metersphere,maven,backend/services/case-management,backend/services/case-management/src/main/java/io/metersphere/functional/controller/FunctionalCaseController.java,io.metersphere.functional.controller.FunctionalCaseController,backend/services/case-management/src/test/java/io/metersphere/functional/controller/FunctionalCaseControllerTests.java,FAIL
metersphere/metersphere,maven,backend/services/system-setting,backend/services/system-setting/src/main/java/io/metersphere/system/controller/SystemProjectController.java,io.metersphere.system.controller.SystemProjectController,backend/services/system-setting/src/test/java/io/metersphere/system/controller/SystemProjectControllerTests.java,FAIL
eclipse-openj9/openj9,SKIP,,jcl/src/java.base/share/classes/java/lang/Class.java,,test/functional/VM_Test/src/com/ibm/j9/offload/tests/mapping/TestClass.java;test/functional/cmdLineTests/shareClassTests/utils/src/Utilities/TestClass.java;test/functional/cmdLineTests/utils/src/org/openj9/test/classtests/ClassTest.java;test/functional/cmdLineTests/utils2/src/org/openj9/test/classtests/ClassTest.java;test/functional/cmdline_options_testresources/src/com/ibm/j9/zostest/TestClass.java,SKIP
eclipse-openj9/openj9,SKIP,,jcl/src/java.base/share/classes/java/lang/ClassLoader.java,,test/functional/Java9andUp/src/org/openj9/test/modularity/TestClassLoader.java;test/functional/cmdLineTests/gcRegressionTests/src/com/ibm/tests/garbagecollector/TestClassLoader.java;test/functional/cmdLineTests/lazyClassLoadingTest/src/j9vm/test/classloader/ClassLoaderTest.java,SKIP
oracle/graal,maven,visualizer/IdealGraphVisualizer,compiler/src/jdk.graal.compiler/src/jdk/graal/compiler/hotspot/JVMCIVersionCheck.java,,compiler/src/jdk.graal.compiler.test/src/jdk/graal/compiler/hotspot/test/JVMCIVersionCheckTest.java,FAIL
oracle/graal,maven,visualizer/IdealGraphVisualizer,sdk/src/org.graalvm.launcher/src/org/graalvm/launcher/Launcher.java,,sdk/src/org.graalvm.launcher.test/src/org/graalvm/launcher/test/LauncherTest.java,FAIL
azure/azure-sdk-for-java,maven,sdk/cosmos/azure-cosmos,sdk/cosmos/azure-cosmos/src/main/java/com/azure/cosmos/implementation/RxDocumentClientImpl.java,com.azure.cosmos.implementation.RxDocumentClientImpl,sdk/cosmos/azure-cosmos-tests/src/test/java/com/azure/cosmos/implementation/RxDocumentClientImplTest.java,/Users/amirdeljouyi/se/integration-tests-llm/dataset-builder/out/azure_azure-sdk-for-java/sdk_cosmos_azure-cosmos/azure-cosmos-4.77.0-beta.1-jar-with-dependencies.jar
azure/azure-sdk-for-java,maven,sdk/cosmos/azure-cosmos,sdk/cosmos/azure-cosmos/src/main/java/com/azure/cosmos/implementation/ImplementationBridgeHelpers.java,com.azure.cosmos.implementation.ImplementationBridgeHelpers,sdk/cosmos/azure-cosmos-tests/src/test/java/com/azure/cosmos/implementation/ImplementationBridgeHelpersTest.java,/Users/amirdeljouyi/se/integration-tests-llm/dataset-builder/out/azure_azure-sdk-for-java/sdk_cosmos_azure-cosmos/azure-cosmos-4.77.0-beta.1-jar-with-dependencies.jar
apache/ignite,maven,modules/core,modules/core/src/main/java/org/apache/ignite/spi/discovery/tcp/TcpDiscoverySpi.java,org.apache.ignite.spi.discovery.tcp.TcpDiscoverySpi,modules/core/src/test/java/org/apache/ignite/spi/discovery/tcp/TestTcpDiscoverySpi.java,/Users/amirdeljouyi/se/integration-tests-llm/dataset-builder/out/apache_ignite/modules_core/ignite-core-2.18.0-SNAPSHOT-jar-with-dependencies.jar
apache/ignite,maven,modules/core,modules/core/src/main/java/org/apache/ignite/spi/communication/tcp/TcpCommunicationSpi.java,org.apache.ignite.spi.communication.tcp.TcpCommunicationSpi,modules/core/src/test/java/org/apache/ignite/util/TestTcpCommunicationSpi.java,/Users/amirdeljouyi/se/integration-tests-llm/dataset-builder/out/apache_ignite/modules_core/ignite-core-2.18.0-SNAPSHOT-jar-with-dependencies.jar
strimzi/strimzi-kafka-operator,maven,cluster-operator,cluster-operator/src/main/java/io/strimzi/operator/cluster/model/KafkaCluster.java,io.strimzi.operator.cluster.model.KafkaCluster,cluster-operator/src/test/java/io/strimzi/operator/cluster/model/KafkaClusterTest.java,/Users/amirdeljouyi/se/integration-tests-llm/dataset-builder/out/strimzi_strimzi-kafka-operator/cluster-operator/cluster-operator-0.50.0-SNAPSHOT-jar-with-dependencies.jar
strimzi/strimzi-kafka-operator,maven,cluster-operator,cluster-operator/src/main/java/io/strimzi/operator/cluster/model/KafkaConnectCluster.java,io.strimzi.operator.cluster.model.KafkaConnectCluster,cluster-operator/src/test/java/io/strimzi/operator/cluster/model/KafkaConnectClusterTest.java,/Users/amirdeljouyi/se/integration-tests-llm/dataset-builder/out/strimzi_strimzi-kafka-operator/cluster-operator/cluster-operator-0.50.0-SNAPSHOT-jar-with-dependencies.jar
alibaba/druid,maven,core,core/src/main/java/com/alibaba/druid/pool/DruidDataSource.java,com.alibaba.druid.pool.DruidDataSource,core/src/test/java/com/alibaba/druid/bvt/pool/DruidDataSourceTest.java;core/src/test/java/com/alibaba/druid/bvt/pool/TestDruidDataSource.java;core/src/test/java/com/alibaba/druid/pool/DruidDataSourceTest.java,/Users/amirdeljouyi/se/integration-tests-llm/dataset-builder/out/alibaba_druid/core/druid-1.2.28-SNAPSHOT-jar-with-dependencies.jar
alibaba/druid,maven,core,core/src/main/java/com/alibaba/druid/sql/parser/SQLExprParser.java,com.alibaba.druid.sql.parser.SQLExprParser,core/src/test/java/com/alibaba/druid/sql/SQLExprParserTest.java,/Users/amirdeljouyi/se/integration-tests-llm/dataset-builder/out/alibaba_druid/core/druid-1.2.28-SNAPSHOT-jar-with-dependencies.jar
eclipse-vertx/vert.x,maven,vertx-core,vertx-core/src/main/java/io/vertx/core/Vertx.java,io.vertx.core.Vertx,vertx-core/src/test/java/io/vertx/tests/vertx/VertxTest.java,/Users/amirdeljouyi/se/integration-tests-llm/dataset-builder/out/eclipse-vertx_vert.x/vertx-core/vertx-core-5.1.0-SNAPSHOT-jar-with-dependencies.jar
eclipse-vertx/vert.x,maven,vertx-core,vertx-core/src/main/java/io/vertx/core/net/impl/VertxConnection.java,io.vertx.core.net.impl.VertxConnection,vertx-core/src/test/java/io/vertx/tests/net/VertxConnectionTest.java,/Users/amirdeljouyi/se/integration-tests-llm/dataset-builder/out/eclipse-vertx_vert.x/vertx-core/vertx-core-5.1.0-SNAPSHOT-jar-with-dependencies.jar
apache/dolphinscheduler,maven,dolphinscheduler-api,dolphinscheduler-api/src/main/java/org/apache/dolphinscheduler/api/enums/Status.java,org.apache.dolphinscheduler.api.enums.Status,dolphinscheduler-api/src/test/java/org/apache/dolphinscheduler/api/enums/StatusTest.java,FAIL
apache/dolphinscheduler,maven,dolphinscheduler-service,dolphinscheduler-service/src/main/java/org/apache/dolphinscheduler/service/process/ProcessService.java,org.apache.dolphinscheduler.service.process.ProcessService,dolphinscheduler-service/src/test/java/org/apache/dolphinscheduler/service/process/ProcessServiceTest.java,/Users/amirdeljouyi/se/integration-tests-llm/dataset-builder/out/apache_dolphinscheduler/dolphinscheduler-service/dolphinscheduler-service-dev-SNAPSHOT-jar-with-dependencies.jar
pinpoint-apm/pinpoint,maven,.,web/src/main/java/com/navercorp/pinpoint/web/dao/hbase/HbaseApplicationTraceIndexDao.java,com.navercorp.pinpoint.web.dao.hbase.HbaseApplicationTraceIndexDao,web/src/test/java/com/navercorp/pinpoint/web/dao/hbase/HbaseApplicationTraceIndexDaoTest.java,FAIL
pinpoint-apm/pinpoint,maven,web,web/src/main/java/com/navercorp/pinpoint/web/applicationmap/ApplicationMapBuilder.java,com.navercorp.pinpoint.web.applicationmap.ApplicationMapBuilder,web/src/test/java/com/navercorp/pinpoint/web/applicationmap/ApplicationMapBuilderTest.java,FAIL
jabref/jabref,gradle,jabgui,jabgui/src/main/java/org/jabref/gui/preferences/JabRefGuiPreferences.java,org.jabref.gui.preferences.JabRefGuiPreferences,jablib/src/test/java/org/jabref/logic/preferences/JabRefGuiPreferencesTest.java,/Users/amirdeljouyi/se/integration-tests-llm/dataset-builder/out/jabref_jabref/jabgui/jabgui-100.0.0.jar
jabref/jabref,gradle,jablib,jablib/src/main/java/org/jabref/model/entry/BibEntry.java,org.jabref.model.entry.BibEntry,jablib/src/test/java/org/jabref/model/entry/BibEntryTest.java,/Users/amirdeljouyi/se/integration-tests-llm/dataset-builder/out/jabref_jabref/jablib/jablib.jar
thingsboard/thingsboard,maven,application,application/src/main/java/org/thingsboard/server/controller/EdgeController.java,org.thingsboard.server.controller.EdgeController,application/src/test/java/org/thingsboard/server/controller/EdgeControllerTest.java,/Users/amirdeljouyi/se/integration-tests-llm/dataset-builder/out/thingsboard_thingsboard/application/thingsboard-jar-with-dependencies.jar
thingsboard/thingsboard,maven,application,application/src/main/java/org/thingsboard/server/controller/EntityViewController.java,org.thingsboard.server.controller.EntityViewController,application/src/test/java/org/thingsboard/server/controller/EntityViewControllerTest.java,/Users/amirdeljouyi/se/integration-tests-llm/dataset-builder/out/thingsboard_thingsboard/application/thingsboard-jar-with-dependencies.jar
aws/aws-sdk-java-v2,maven,codegen,codegen/src/main/java/software/amazon/awssdk/codegen/poet/client/AsyncClientClass.java,software.amazon.awssdk.codegen.poet.client.AsyncClientClass,codegen/src/test/java/software/amazon/awssdk/codegen/poet/client/AsyncClientClassTest.java,/Users/amirdeljouyi/se/integration-tests-llm/dataset-builder/out/aws_aws-sdk-java-v2/codegen/aws-sdk-java-codegen-2.41.2-SNAPSHOT-jar-with-dependencies.jar
aws/aws-sdk-java-v2,maven,codegen,codegen/src/main/java/software/amazon/awssdk/codegen/poet/client/SyncClientClass.java,software.amazon.awssdk.codegen.poet.client.SyncClientClass,codegen/src/test/java/software/amazon/awssdk/codegen/poet/client/SyncClientClassTest.java,/Users/amirdeljouyi/se/integration-tests-llm/dataset-builder/out/aws_aws-sdk-java-v2/codegen/aws-sdk-java-codegen-2.41.2-SNAPSHOT-jar-with-dependencies.jar
camunda-cloud/zeebe,maven,clients/java,clients/java/src/main/java/io/camunda/client/CamundaClient.java,io.camunda.client.CamundaClient,clients/java/src/test/java/io/camunda/client/CamundaClientTest.java,/Users/amirdeljouyi/se/integration-tests-llm/dataset-builder/out/camunda-cloud_zeebe/clients_java/camunda-client-java-8.9.0-SNAPSHOT-jar-with-dependencies.jar
camunda-cloud/zeebe,maven,zeebe/exporters/camunda-exporter,zeebe/exporters/camunda-exporter/src/main/java/io/camunda/exporter/DefaultExporterResourceProvider.java,io.camunda.exporter.DefaultExporterResourceProvider,zeebe/exporters/camunda-exporter/src/test/java/io/camunda/exporter/DefaultExporterResourceProviderTest.java,/Users/amirdeljouyi/se/integration-tests-llm/dataset-builder/out/camunda-cloud_zeebe/zeebe_exporters_camunda-exporter/camunda-exporter-8.9.0-SNAPSHOT-jar-with-dependencies.jar
google/error-prone,maven,check_api,check_api/src/main/java/com/google/errorprone/fixes/SuggestedFixes.java,com.google.errorprone.fixes.SuggestedFixes,core/src/test/java/com/google/errorprone/fixes/SuggestedFixesTest.java,/Users/amirdeljouyi/se/integration-tests-llm/dataset-builder/out/google_error-prone/check_api/error_prone_check_api-1.0-HEAD-SNAPSHOT-jar-with-dependencies.jar
google/error-prone,maven,check_api,check_api/src/main/java/com/google/errorprone/util/ASTHelpers.java,com.google.errorprone.util.ASTHelpers,check_api/src/test/java/com/google/errorprone/util/ASTHelpersTest.java,/Users/amirdeljouyi/se/integration-tests-llm/dataset-builder/out/google_error-prone/check_api/error_prone_check_api-1.0-HEAD-SNAPSHOT-jar-with-dependencies.jar
pmd/pmd,maven,pmd-java,pmd-java/src/main/java/net/sourceforge/pmd/lang/java/rule/internal/JavaRuleUtil.java,net.sourceforge.pmd.lang.java.rule.internal.JavaRuleUtil,pmd-java/src/test/java/net/sourceforge/pmd/lang/java/rule/internal/JavaRuleUtilTest.java,/Users/amirdeljouyi/se/integration-tests-llm/dataset-builder/out/pmd_pmd/pmd-java/pmd-java-7.21.0-SNAPSHOT-jar-with-dependencies.jar
pmd/pmd,maven,pmd-core,pmd-core/src/main/java/net/sourceforge/pmd/PmdAnalysis.java,net.sourceforge.pmd.PmdAnalysis,pmd-core/src/test/java/net/sourceforge/pmd/PmdAnalysisTest.java,/Users/amirdeljouyi/se/integration-tests-llm/dataset-builder/out/pmd_pmd/pmd-core/pmd-core-7.21.0-SNAPSHOT-jar-with-dependencies.jar
eclipse/jetty.project,maven,jetty-ee9/jetty-ee9-nested,jetty-ee9/jetty-ee9-nested/src/main/java/org/eclipse/jetty/ee9/nested/ContextHandler.java,org.eclipse.jetty.ee9.nested.ContextHandler,jetty-core/jetty-deploy/src/test/java/org/eclipse/jetty/deploy/test/TestContextHandler.java;jetty-core/jetty-server/src/test/java/org/eclipse/jetty/server/handler/ContextHandlerTest.java;jetty-ee9/jetty-ee9-nested/src/test/java/org/eclipse/jetty/ee9/nested/ContextHandlerTest.java,/Users/amirdeljouyi/se/integration-tests-llm/dataset-builder/out/eclipse_jetty.project/jetty-ee9_jetty-ee9-nested/jetty-ee9-nested-12.1.6-SNAPSHOT-jar-with-dependencies.jar
eclipse/jetty.project,maven,jetty-core/jetty-server,jetty-core/jetty-server/src/main/java/org/eclipse/jetty/server/internal/HttpConnection.java,org.eclipse.jetty.server.internal.HttpConnection,jetty-core/jetty-server/src/test/java/org/eclipse/jetty/server/HttpConnectionTest.java,/Users/amirdeljouyi/se/integration-tests-llm/dataset-builder/out/eclipse_jetty.project/jetty-core_jetty-server/jetty-server-12.1.6-SNAPSHOT-jar-with-dependencies.jar
axonframework/axonframework,maven,axon-server-connector,axon-server-connector/src/main/java/org/axonframework/axonserver/connector/AxonServerConfiguration.java,org.axonframework.axonserver.connector.AxonServerConfiguration,axon-server-connector/src/test/java/org/axonframework/axonserver/connector/AxonServerConfigurationTest.java,FAIL
axonframework/axonframework,maven,axon-server-connector,axon-server-connector/src/main/java/org/axonframework/axonserver/connector/AxonServerConnectionManager.java,org.axonframework.axonserver.connector.AxonServerConnectionManager,axon-server-connector/src/test/java/org/axonframework/axonserver/connector/AxonServerConnectionManagerTest.java,FAIL
questdb/questdb,maven,core,core/src/main/java/io/questdb/cairo/TableWriter.java,io.questdb.cairo.TableWriter,core/src/test/java/io/questdb/test/cairo/TableWriterTest.java,/Users/amirdeljouyi/se/integration-tests-llm/dataset-builder/out/questdb_questdb/core/questdb-9.2.4-SNAPSHOT-jar-with-dependencies.jar
questdb/questdb,maven,core,core/src/main/java/io/questdb/ServerMain.java,io.questdb.ServerMain,core/src/test/java/io/questdb/test/ServerMainTest.java;core/src/test/java/io/questdb/test/TestServerMain.java,/Users/amirdeljouyi/se/integration-tests-llm/dataset-builder/out/questdb_questdb/core/questdb-9.2.4-SNAPSHOT-jar-with-dependencies.jar
libgdx/libgdx,gradle,gdx,gdx/src/com/badlogic/gdx/scenes/scene2d/Stage.java,,tests/gdx-tests/src/com/badlogic/gdx/tests/StageTest.java,/Users/amirdeljouyi/se/integration-tests-llm/dataset-builder/out/libgdx_libgdx/gdx/gdx-1.14.1-SNAPSHOT.jar
libgdx/libgdx,gradle,gdx,gdx/src/com/badlogic/gdx/scenes/scene2d/ui/Table.java,,tests/gdx-tests/src/com/badlogic/gdx/tests/TableTest.java,/Users/amirdeljouyi/se/integration-tests-llm/dataset-builder/out/libgdx_libgdx/gdx/gdx-1.14.1-SNAPSHOT.jar
halo-dev/halo,gradle,application,application/src/main/java/run/halo/app/plugin/HaloPluginManager.java,run.halo.app.plugin.HaloPluginManager,application/src/test/java/run/halo/app/plugin/HaloPluginManagerTest.java,/Users/amirdeljouyi/se/integration-tests-llm/dataset-builder/out/halo-dev_halo/application/application-2.22.0-SNAPSHOT.jar
halo-dev/halo,gradle,application,application/src/main/java/run/halo/app/theme/finders/impl/PostFinderImpl.java,run.halo.app.theme.finders.impl.PostFinderImpl,application/src/test/java/run/halo/app/theme/finders/impl/PostFinderImplTest.java,/Users/amirdeljouyi/se/integration-tests-llm/dataset-builder/out/halo-dev_halo/application/application-2.22.0-SNAPSHOT.jar
apache/skywalking,maven,oap-server/server-core,oap-server/server-core/src/main/java/org/apache/skywalking/oap/server/core/CoreModuleConfig.java,org.apache.skywalking.oap.server.core.CoreModuleConfig,oap-server/server-core/src/test/java/org/apache/skywalking/oap/server/core/CoreModuleConfigTest.java,FAIL
apache/skywalking,maven,oap-server/server-core,oap-server/server-core/src/main/java/org/apache/skywalking/oap/server/core/storage/model/StorageModels.java,org.apache.skywalking.oap.server.core.storage.model.StorageModels,oap-server/server-core/src/test/java/org/apache/skywalking/oap/server/core/storage/model/StorageModelsTest.java,FAIL
assertj/assertj-core,maven,assertj-core,assertj-core/src/main/java/org/assertj/core/api/Assumptions.java,org.assertj.core.api.Assumptions,assertj-tests/assertj-integration-tests/assertj-core-osgi/src/test/java/org/assertj/tests/core/osgi/AssumptionsTest.java,/Users/amirdeljouyi/se/integration-tests-llm/dataset-builder/out/assertj_assertj-core/assertj-core/assertj-core-4.0.0-SNAPSHOT.jar
assertj/assertj-core,maven,assertj-core,assertj-core/src/main/java/org/assertj/core/api/InstanceOfAssertFactories.java,org.assertj.core.api.InstanceOfAssertFactories,assertj-core/src/test/java/org/assertj/core/api/InstanceOfAssertFactoriesTest.java;assertj-tests/assertj-integration-tests/assertj-guava-tests/src/test/java/org/assertj/tests/guava/api/InstanceOfAssertFactoriesTest.java,/Users/amirdeljouyi/se/integration-tests-llm/dataset-builder/out/assertj_assertj-core/assertj-core/assertj-core-4.0.0-SNAPSHOT.jar
vespa-engine/vespa,maven,config-model,config-model/src/main/java/com/yahoo/vespa/model/application/validation/Validation.java,com.yahoo.vespa.model.application.validation.Validation,vespajlib/src/test/java/ai/vespa/validation/ValidationTest.java,FAIL
vespa-engine/vespa,maven,config-model,config-model/src/main/java/com/yahoo/vespa/model/content/cluster/ContentCluster.java,com.yahoo.vespa.model.content.cluster.ContentCluster,config-model/src/test/java/com/yahoo/vespa/model/content/ContentClusterTest.java,FAIL
geoserver/geoserver,maven,src/main,src/main/src/main/java/org/geoserver/config/util/XStreamPersister.java,org.geoserver.config.util.XStreamPersister,src/main/src/test/java/org/geoserver/config/util/XStreamPersisterTest.java;src/main/src/test/java/org/geoserver/util/XStreamPersisterTest.java,/Users/amirdeljouyi/se/integration-tests-llm/dataset-builder/out/geoserver_geoserver/src_main/gs-main-3.0-SNAPSHOT.jar
geoserver/geoserver,maven,src/gwc,src/gwc/src/main/java/org/geoserver/gwc/GWC.java,org.geoserver.gwc.GWC,src/gwc/src/test/java/org/geoserver/gwc/GWCTest.java,/Users/amirdeljouyi/se/integration-tests-llm/dataset-builder/out/geoserver_geoserver/src_gwc/gs-gwc-3.0-SNAPSHOT.jar
apache/tomcat,maven,modules/jdbc-pool,modules/jdbc-pool/src/main/java/org/apache/tomcat/jdbc/pool/PoolProperties.java,org.apache.tomcat.jdbc.pool.PoolProperties,modules/jdbc-pool/src/test/java/org/apache/tomcat/jdbc/pool/PoolPropertiesTest.java,FAIL
apache/tomcat,maven,modules/jdbc-pool,modules/jdbc-pool/src/main/java/org/apache/tomcat/jdbc/pool/interceptor/SlowQueryReport.java,org.apache.tomcat.jdbc.pool.interceptor.SlowQueryReport,modules/jdbc-pool/src/test/java/org/apache/tomcat/jdbc/test/TestSlowQueryReport.java,FAIL
swagger-api/swagger-core,maven,modules/swagger-jaxrs2,modules/swagger-jaxrs2/src/main/java/io/swagger/v3/jaxrs2/Reader.java,io.swagger.v3.jaxrs2.Reader,modules/swagger-java17-support/src/test/java/io/swagger/v3/java17/Reader/ReaderTest.java;modules/swagger-jaxrs2/src/test/java/io/swagger/v3/jaxrs2/ReaderTest.java,/Users/amirdeljouyi/se/integration-tests-llm/dataset-builder/out/swagger-api_swagger-core/modules_swagger-jaxrs2/swagger-jaxrs2-2.2.42-SNAPSHOT-jar-with-dependencies.jar
swagger-api/swagger-core,maven,modules/swagger-core,modules/swagger-core/src/main/java/io/swagger/v3/core/util/AnnotationsUtils.java,io.swagger.v3.core.util.AnnotationsUtils,modules/swagger-core/src/test/java/io/swagger/v3/core/util/AnnotationsUtilsTest.java,/Users/amirdeljouyi/se/integration-tests-llm/dataset-builder/out/swagger-api_swagger-core/modules_swagger-core/swagger-core-2.2.42-SNAPSHOT-jar-with-dependencies.jar
debezium/debezium,maven,debezium-connector-oracle,debezium-connector-oracle/src/main/java/io/debezium/connector/oracle/OracleConnectorConfig.java,io.debezium.connector.oracle.OracleConnectorConfig,debezium-connector-oracle/src/test/java/io/debezium/connector/oracle/OracleConnectorConfigTest.java,/Users/amirdeljouyi/se/integration-tests-llm/dataset-builder/out/debezium_debezium/debezium-connector-oracle/debezium-connector-oracle-3.5.0-SNAPSHOT-jar-with-dependencies.jar
debezium/debezium,maven,debezium-connector-oracle,debezium-connector-oracle/src/main/java/io/debezium/connector/oracle/OracleConnection.java,io.debezium.connector.oracle.OracleConnection,debezium-connector-oracle/src/test/java/io/debezium/connector/oracle/OracleConnectionTest.java,/Users/amirdeljouyi/se/integration-tests-llm/dataset-builder/out/debezium_debezium/debezium-connector-oracle/debezium-connector-oracle-3.5.0-SNAPSHOT-jar-with-dependencies.jar
orientechnologies/orientdb,maven,core,core/src/main/java/com/orientechnologies/orient/core/record/impl/ODocument.java,com.orientechnologies.orient.core.record.impl.ODocument,core/src/test/java/com/orientechnologies/orient/core/record/impl/ODocumentTest.java,/Users/amirdeljouyi/se/integration-tests-llm/dataset-builder/out/orientechnologies_orientdb/core/orientdb-core-4.0.0-SNAPSHOT-jar-with-dependencies.jar
orientechnologies/orientdb,maven,core,core/src/main/java/com/orientechnologies/orient/core/sql/parser/OMatchStatement.java,com.orientechnologies.orient.core.sql.parser.OMatchStatement,core/src/test/java/com/orientechnologies/orient/core/sql/parser/OMatchStatementTest.java,/Users/amirdeljouyi/se/integration-tests-llm/dataset-builder/out/orientechnologies_orientdb/core/orientdb-core-4.0.0-SNAPSHOT-jar-with-dependencies.jar
open-telemetry/opentelemetry-java-instrumentation,gradle,instrumentation-api,instrumentation-api/src/main/java/io/opentelemetry/instrumentation/api/instrumenter/Instrumenter.java,io.opentelemetry.instrumentation.api.instrumenter.Instrumenter,instrumentation-api/src/test/java/io/opentelemetry/instrumentation/api/instrumenter/InstrumenterTest.java,/Users/amirdeljouyi/se/integration-tests-llm/dataset-builder/out/open-telemetry_opentelemetry-java-instrumentation/instrumentation-api/opentelemetry-instrumentation-api-2.24.0-SNAPSHOT.jar
open-telemetry/opentelemetry-java-instrumentation,gradle,javaagent-tooling,javaagent-tooling/src/main/java/io/opentelemetry/javaagent/tooling/OpenTelemetryInstaller.java,io.opentelemetry.javaagent.tooling.OpenTelemetryInstaller,javaagent-tooling/src/test/java/io/opentelemetry/javaagent/tooling/OpenTelemetryInstallerTest.java,/Users/amirdeljouyi/se/integration-tests-llm/dataset-builder/out/open-telemetry_opentelemetry-java-instrumentation/javaagent-tooling/opentelemetry-javaagent-tooling-2.24.0-alpha-SNAPSHOT.jar
apache/pinot,maven,pinot-segment-local,pinot-segment-local/src/main/java/org/apache/pinot/segment/local/utils/TableConfigUtils.java,org.apache.pinot.segment.local.utils.TableConfigUtils,pinot-segment-local/src/test/java/org/apache/pinot/segment/local/utils/TableConfigUtilsTest.java,/Users/amirdeljouyi/se/integration-tests-llm/dataset-builder/out/apache_pinot/pinot-segment-local/pinot-segment-local-1.5.0-SNAPSHOT-jar-with-dependencies.jar
apache/pinot,maven,pinot-controller,pinot-controller/src/main/java/org/apache/pinot/controller/helix/core/realtime/PinotLLCRealtimeSegmentManager.java,org.apache.pinot.controller.helix.core.realtime.PinotLLCRealtimeSegmentManager,pinot-controller/src/test/java/org/apache/pinot/controller/helix/core/realtime/PinotLLCRealtimeSegmentManagerTest.java,FAIL
real-logic/aeron,gradle,.,aeron-client/src/main/java/io/aeron/Subscription.java,io.aeron.Subscription,aeron-client/src/test/java/io/aeron/SubscriptionTest.java,FAIL
real-logic/aeron,gradle,.,aeron-cluster/src/main/java/io/aeron/cluster/client/AeronCluster.java,io.aeron.cluster.client.AeronCluster,aeron-cluster/src/test/java/io/aeron/cluster/client/AeronClusterTest.java,FAIL
reactor/reactor-core,gradle,reactor-core,reactor-core/src/main/java/reactor/core/publisher/Mono.java,reactor.core.publisher.Mono,reactor-core/src/test/java/reactor/core/publisher/scenarios/MonoTests.java,/Users/amirdeljouyi/se/integration-tests-llm/dataset-builder/out/reactor_reactor-core/reactor-core/reactor-core-3.8.2-SNAPSHOT.jar
reactor/reactor-core,gradle,reactor-core,reactor-core/src/main/java/reactor/core/publisher/Operators.java,reactor.core.publisher.Operators,reactor-core/src/test/java/reactor/core/publisher/OperatorsTest.java,/Users/amirdeljouyi/se/integration-tests-llm/dataset-builder/out/reactor_reactor-core/reactor-core/reactor-core-3.8.2-SNAPSHOT.jar
hyperledger/besu,gradle,consensus/merge,consensus/merge/src/main/java/org/hyperledger/besu/consensus/merge/blockcreation/MergeCoordinator.java,org.hyperledger.besu.consensus.merge.blockcreation.MergeCoordinator,consensus/merge/src/test/java/org/hyperledger/besu/consensus/merge/blockcreation/MergeCoordinatorTest.java,/Users/amirdeljouyi/se/integration-tests-llm/dataset-builder/out/hyperledger_besu/consensus_merge/besu-consensus-merge-26.1-develop-985b74b.jar
hyperledger/besu,gradle,ethereum/core,ethereum/core/src/main/java/org/hyperledger/besu/ethereum/mainnet/MainnetProtocolSpecs.java,org.hyperledger.besu.ethereum.mainnet.MainnetProtocolSpecs,ethereum/core/src/test/java/org/hyperledger/besu/ethereum/mainnet/MainnetProtocolSpecsTest.java,/Users/amirdeljouyi/se/integration-tests-llm/dataset-builder/out/hyperledger_besu/ethereum_core/besu-ethereum-core-26.1-develop-985b74b.jar
apache/hudi,maven,hudi-client/hudi-client-common,hudi-client/hudi-client-common/src/main/java/org/apache/hudi/client/BaseHoodieWriteClient.java,org.apache.hudi.client.BaseHoodieWriteClient,hudi-client/hudi-client-common/src/test/java/org/apache/hudi/client/TestBaseHoodieWriteClient.java,FAIL
apache/hudi,maven,hudi-client/hudi-client-common,hudi-client/hudi-client-common/src/main/java/org/apache/hudi/config/HoodieWriteConfig.java,org.apache.hudi.config.HoodieWriteConfig,hudi-client/hudi-client-common/src/test/java/org/apache/hudi/config/TestHoodieWriteConfig.java,FAIL
bisq-network/bisq,gradle,common,common/src/main/java/bisq/common/config/Config.java,bisq.common.config.Config,common/src/test/java/bisq/common/config/ConfigTests.java,/Users/amirdeljouyi/se/integration-tests-llm/dataset-builder/out/bisq-network_bisq/common/common.jar
bisq-network/bisq,gradle,core,core/src/main/java/bisq/core/user/Preferences.java,bisq.core.user.Preferences,core/src/test/java/bisq/core/user/PreferencesTest.java,/Users/amirdeljouyi/se/integration-tests-llm/dataset-builder/out/bisq-network_bisq/core/core.jar
apache/incubator-shenyu,maven,shenyu-common,shenyu-common/src/main/java/org/apache/shenyu/common/enums/PluginEnum.java,org.apache.shenyu.common.enums.PluginEnum,shenyu-common/src/test/java/org/apache/shenyu/common/enums/PluginEnumTest.java,/Users/amirdeljouyi/se/integration-tests-llm/dataset-builder/out/apache_incubator-shenyu/shenyu-common/shenyu-common-2.7.1-SNAPSHOT-jar-with-dependencies.jar
apache/incubator-shenyu,maven,shenyu-common,shenyu-common/src/main/java/org/apache/shenyu/common/config/ShenyuConfig.java,org.apache.shenyu.common.config.ShenyuConfig,shenyu-common/src/test/java/org/apache/shenyu/common/config/ShenyuConfigTest.java,/Users/amirdeljouyi/se/integration-tests-llm/dataset-builder/out/apache_incubator-shenyu/shenyu-common/shenyu-common-2.7.1-SNAPSHOT-jar-with-dependencies.jar
line/armeria,gradle,core,core/src/main/java/com/linecorp/armeria/common/Flags.java,com.linecorp.armeria.common.Flags,core/src/test/java/com/linecorp/armeria/common/FlagsTest.java,FAIL
line/armeria,gradle,core,core/src/main/java/com/linecorp/armeria/server/HttpServerHandler.java,com.linecorp.armeria.server.HttpServerHandler,core/src/test/java/com/linecorp/armeria/server/HttpServerHandlerTest.java,FAIL
oracle/opengrok,maven,opengrok-indexer,opengrok-indexer/src/main/java/org/opengrok/indexer/configuration/RuntimeEnvironment.java,org.opengrok.indexer.configuration.RuntimeEnvironment,opengrok-indexer/src/test/java/org/opengrok/indexer/configuration/RuntimeEnvironmentTest.java,/Users/amirdeljouyi/se/integration-tests-llm/dataset-builder/out/oracle_opengrok/opengrok-indexer/opengrok-1.14.5.jar
oracle/opengrok,maven,opengrok-indexer,opengrok-indexer/src/main/java/org/opengrok/indexer/index/IndexDatabase.java,org.opengrok.indexer.index.IndexDatabase,opengrok-indexer/src/test/java/org/opengrok/indexer/index/IndexDatabaseTest.java,/Users/amirdeljouyi/se/integration-tests-llm/dataset-builder/out/oracle_opengrok/opengrok-indexer/opengrok-1.14.5.jar
fasterxml/jackson-databind,maven,.,src/main/java/tools/jackson/databind/introspect/POJOPropertiesCollector.java,,src/test/java/tools/jackson/databind/introspect/POJOPropertiesCollectorTest.java,/Users/amirdeljouyi/se/integration-tests-llm/dataset-builder/out/fasterxml_jackson-databind/jackson-databind-3.1.0-SNAPSHOT-jar-with-dependencies.jar
fasterxml/jackson-databind,maven,.,src/main/java/tools/jackson/databind/deser/bean/BeanDeserializer.java,,src/test/java/tools/jackson/databind/deser/bean/BeanDeserializerTest.java,/Users/amirdeljouyi/se/integration-tests-llm/dataset-builder/out/fasterxml_jackson-databind/jackson-databind-3.1.0-SNAPSHOT-jar-with-dependencies.jar
opentripplanner/opentripplanner,maven,application,application/src/main/java/org/opentripplanner/transit/service/DefaultTransitService.java,org.opentripplanner.transit.service.DefaultTransitService,application/src/test/java/org/opentripplanner/transit/service/DefaultTransitServiceTest.java,/Users/amirdeljouyi/se/integration-tests-llm/dataset-builder/out/opentripplanner_opentripplanner/application/application-2.9.0-SNAPSHOT-jar-with-dependencies.jar
opentripplanner/opentripplanner,maven,application,application/src/main/java/org/opentripplanner/routing/linking/VertexLinker.java,org.opentripplanner.routing.linking.VertexLinker,application/src/test/java/org/opentripplanner/routing/linking/VertexLinkerTest.java,/Users/amirdeljouyi/se/integration-tests-llm/dataset-builder/out/opentripplanner_opentripplanner/application/application-2.9.0-SNAPSHOT-jar-with-dependencies.jar
skylot/jadx,gradle,jadx-core,jadx-core/src/main/java/jadx/api/JadxDecompiler.java,jadx.api.JadxDecompiler,jadx-core/src/test/java/jadx/api/JadxDecompilerTest.java,/Users/amirdeljouyi/se/integration-tests-llm/dataset-builder/out/skylot_jadx/jadx-core/jadx-core-dev.jar
skylot/jadx,gradle,jadx-core,jadx-core/src/main/java/jadx/core/codegen/ClassGen.java,jadx.core.codegen.ClassGen,jadx-core/src/test/java/jadx/tests/integration/others/TestClassGen.java,/Users/amirdeljouyi/se/integration-tests-llm/dataset-builder/out/skylot_jadx/jadx-core/jadx-core-dev.jar
apache/hadoop,maven,hadoop-common-project/hadoop-common,hadoop-common-project/hadoop-common/src/main/java/org/apache/hadoop/fs/FileSystem.java,org.apache.hadoop.fs.FileSystem,hadoop-mapreduce-project/hadoop-mapreduce-client/hadoop-mapreduce-client-jobclient/src/test/java/org/apache/hadoop/fs/TestFileSystem.java,/Users/amirdeljouyi/se/integration-tests-llm/dataset-builder/out/apache_hadoop/hadoop-common-project_hadoop-common/hadoop-common-3.5.0-SNAPSHOT-jar-with-dependencies.jar
apache/hadoop,maven,hadoop-common-project/hadoop-common,hadoop-common-project/hadoop-common/src/main/java/org/apache/hadoop/ipc/Server.java,org.apache.hadoop.ipc.Server,hadoop-common-project/hadoop-common/src/test/java/org/apache/hadoop/ipc/TestServer.java;hadoop-hdfs-project/hadoop-hdfs-httpfs/src/test/java/org/apache/hadoop/lib/server/TestServer.java,/Users/amirdeljouyi/se/integration-tests-llm/dataset-builder/out/apache_hadoop/hadoop-common-project_hadoop-common/hadoop-common-3.5.0-SNAPSHOT-jar-with-dependencies.jar
redisson/redisson,maven,redisson,redisson/src/main/java/org/redisson/RedissonExecutorService.java,org.redisson.RedissonExecutorService,redisson/src/test/java/org/redisson/executor/RedissonExecutorServiceTest.java,/Users/amirdeljouyi/se/integration-tests-llm/dataset-builder/out/redisson_redisson/redisson/redisson-4.1.1-SNAPSHOT-jar-with-dependencies.jar
redisson/redisson,maven,redisson,redisson/src/main/java/org/redisson/RedissonScoredSortedSet.java,org.redisson.RedissonScoredSortedSet,redisson/src/test/java/org/redisson/RedissonScoredSortedSetTest.java,/Users/amirdeljouyi/se/integration-tests-llm/dataset-builder/out/redisson_redisson/redisson/redisson-4.1.1-SNAPSHOT-jar-with-dependencies.jar
wiremock/wiremock,gradle,.,src/main/java/com/github/tomakehurst/wiremock/standalone/CommandLineOptions.java,,src/test/java/com/github/tomakehurst/wiremock/standalone/CommandLineOptionsTest.java,/Users/amirdeljouyi/se/integration-tests-llm/dataset-builder/out/wiremock_wiremock/wiremock-standalone-4.0.0-beta.24.jar
tomakehurst/wiremock,gradle,.,src/main/java/com/github/tomakehurst/wiremock/standalone/CommandLineOptions.java,,src/test/java/com/github/tomakehurst/wiremock/standalone/CommandLineOptionsTest.java,/Users/amirdeljouyi/se/integration-tests-llm/dataset-builder/out/tomakehurst_wiremock/wiremock-standalone-4.0.0-beta.24.jar
